cluster_kmeans,Gender,Age,Annual Income (k$),Spending Score (1-100),cluster_dbscan
0,0.49019607843137253,56.470588235294116,46.09803921568628,39.31372549019608,0.39215686274509803
1,0.0,39.5,85.15,14.05,-0.1
2,0.0,28.69047619047619,60.904761904761905,70.23809523809524,-0.09523809523809523
3,1.0,37.89795918367347,82.12244897959184,54.44897959183673,0.9591836734693877
4,1.0,27.31578947368421,38.8421052631579,56.21052631578947,0.9473684210526315
