Cluster_KMeans,Recency,Frequency,Monetary,Cluster_DBSCAN
0,43.7026850032744,3.682711198428291,1359.0492838899802,-0.0003274394237066143
1,248.0759137769447,1.5520149953139644,480.6174798500469,0.0
2,7.384615384615385,82.53846153846153,127338.31384615385,-1.0
3,15.5,22.333333333333332,12709.090490196078,-0.1323529411764706
