Cluster_DBSCAN,Recency,Frequency,Monetary,Cluster_KMeans
0,93.09262276006517,3.8450081452175935,1441.080173144054,0.3718873632767047
