cluster_dbscan,Gender,Age,Annual Income (k$),Spending Score (1-100),cluster_kmeans
0,0.0,39.493506493506494,62.37662337662338,51.61038961038961,1.2207792207792207
1,1.0,38.2,59.03636363636364,52.154545454545456,2.6545454545454548
